team,season,wins,losses,ortg,drtg,nrtg,pace,ts_pct,efg_pct,tov_pct,orb_pct,sos,srs,wins_lag1,ortg_lag1,drtg_lag1,wins_lag2,ortg_lag2,drtg_lag2,wins_lag3,ortg_lag3,drtg_lag3,wins_trend_1yr,wins_trend_2yr,target_next_wins,target_next_ortg,target_next_drtg,is_training
ATL,2020-21,41.0,31.0,115.7,113.3,2.4,97.6,0.581,0.539,11.9,24.4,-0.18,2.14,0.0,0.0,0.0,0.0,0.0,0.0,0.0,0.0,0.0,0.0,0.0,43.0,116.5,114.9,True
ATL,2021-22,43.0,39.0,116.5,114.9,1.6,97.7,0.581,0.543,10.8,23.0,-0.01,1.55,41.0,115.7,113.3,0.0,0.0,0.0,0.0,0.0,0.0,2.0,0.0,41.0,116.6,116.3,True
ATL,2022-23,41.0,41.0,116.6,116.3,0.3,100.7,0.579,0.541,11.2,25.1,0.02,0.32,43.0,116.5,114.9,41.0,115.7,113.3,0.0,0.0,0.0,-2.0,0.0,36.0,117.2,119.4,True
ATL,2023-24,36.0,46.0,117.2,119.4,-2.2,100.1,0.576,0.539,11.6,27.1,-0.19,-2.38,41.0,116.6,116.3,43.0,116.5,114.9,41.0,115.7,113.3,-5.0,-7.0,40.0,114.6,115.7,True
ATL,2024-25,40.0,42.0,114.6,115.7,-1.1,102.6,0.579,0.546,13.2,26.3,-0.28,-1.41,36.0,117.2,119.4,41.0,116.6,116.3,43.0,116.5,114.9,4.0,-1.0,0.0,0.0,0.0,False
BKN,2020-21,48.0,24.0,118.3,113.8,4.5,99.5,0.61,0.575,12.2,21.4,-0.27,4.24,0.0,0.0,0.0,0.0,0.0,0.0,0.0,0.0,0.0,0.0,0.0,44.0,113.6,112.8,True
BKN,2021-22,44.0,38.0,113.6,112.8,0.8,99.0,0.576,0.54,12.5,23.9,0.04,0.82,48.0,118.3,113.8,0.0,0.0,0.0,0.0,0.0,0.0,-4.0,0.0,45.0,115.0,114.1,True
BKN,2022-23,45.0,37.0,115.0,114.1,0.9,98.3,0.598,0.562,12.7,19.6,0.18,1.03,44.0,113.6,112.8,48.0,118.3,113.8,0.0,0.0,0.0,1.0,-3.0,32.0,113.2,116.1,True
BKN,2023-24,32.0,50.0,113.2,116.1,-2.9,96.9,0.561,0.531,11.8,25.2,-0.13,-3.02,45.0,115.0,114.1,44.0,113.6,112.8,48.0,118.3,113.8,-13.0,-12.0,26.0,108.5,115.8,True
BKN,2024-25,26.0,56.0,108.5,115.8,-7.3,96.4,0.552,0.516,13.7,24.5,0.16,-6.95,32.0,113.2,116.1,45.0,115.0,114.1,44.0,113.6,112.8,-6.0,-19.0,0.0,0.0,0.0,False
BOS,2020-21,36.0,36.0,114.0,112.5,1.5,98.3,0.574,0.543,12.5,24.3,-0.14,1.32,0.0,0.0,0.0,0.0,0.0,0.0,0.0,0.0,0.0,0.0,0.0,51.0,114.4,106.9,True
BOS,2021-22,51.0,31.0,114.4,106.9,7.5,96.6,0.578,0.542,12.4,24.0,-0.26,7.02,36.0,114.0,112.5,0.0,0.0,0.0,0.0,0.0,0.0,15.0,0.0,57.0,118.0,111.5,True
BOS,2022-23,57.0,25.0,118.0,111.5,6.5,98.5,0.6,0.566,12.0,22.1,-0.15,6.38,51.0,114.4,106.9,36.0,114.0,112.5,0.0,0.0,0.0,6.0,21.0,64.0,123.2,111.6,True
BOS,2023-24,64.0,18.0,123.2,111.6,11.6,97.2,0.609,0.578,10.8,24.9,-0.6,10.75,57.0,118.0,111.5,51.0,114.4,106.9,36.0,114.0,112.5,7.0,13.0,61.0,120.6,111.1,True
BOS,2024-25,61.0,21.0,120.6,111.1,9.5,95.7,0.591,0.561,10.8,25.7,-0.83,8.28,64.0,123.2,111.6,57.0,118.0,111.5,51.0,114.4,106.9,-3.0,4.0,0.0,0.0,0.0,False
CHA,2020-21,33.0,39.0,110.9,112.8,-1.9,98.3,0.564,0.532,13.3,23.5,-0.01,-1.94,0.0,0.0,0.0,0.0,0.0,0.0,0.0,0.0,0.0,0.0,0.0,43.0,114.1,113.7,True
CHA,2021-22,43.0,39.0,114.1,113.7,0.4,100.0,0.572,0.544,11.6,23.3,0.09,0.53,33.0,110.9,112.8,0.0,0.0,0.0,0.0,0.0,0.0,10.0,0.0,27.0,109.2,115.3,True
CHA,2022-23,27.0,55.0,109.2,115.3,-6.1,100.8,0.55,0.516,12.3,23.8,0.35,-5.89,43.0,114.1,113.7,33.0,110.9,112.8,0.0,0.0,0.0,-16.0,-6.0,21.0,109.3,119.8,True
CHA,2023-24,21.0,61.0,109.3,119.8,-10.5,97.3,0.56,0.529,12.6,21.1,0.13,-10.12,27.0,109.2,115.3,43.0,114.1,113.7,33.0,110.9,112.8,-6.0,-22.0,19.0,107.3,116.6,True
CHA,2024-25,19.0,63.0,107.3,116.6,-9.3,97.6,0.537,0.503,13.7,26.5,0.01,-9.1,21.0,109.3,119.8,27.0,109.2,115.3,43.0,114.1,113.7,-2.0,-8.0,0.0,0.0,0.0,False
CHI,2020-21,31.0,41.0,111.1,112.0,-0.9,99.0,0.575,0.547,13.6,22.3,-0.05,-0.94,0.0,0.0,0.0,0.0,0.0,0.0,0.0,0.0,0.0,0.0,0.0,46.0,113.2,113.6,True
CHI,2021-22,46.0,36.0,113.2,113.6,-0.4,98.3,0.579,0.541,11.8,20.4,0.02,-0.38,31.0,111.1,112.0,0.0,0.0,0.0,0.0,0.0,0.0,15.0,0.0,40.0,113.5,112.2,True
CHI,2022-23,40.0,42.0,113.5,112.2,1.3,98.5,0.587,0.55,12.2,20.1,0.07,1.37,46.0,113.2,113.6,31.0,111.1,112.0,0.0,0.0,0.0,-6.0,9.0,39.0,114.9,116.3,True
CHI,2023-24,39.0,43.0,114.9,116.3,-1.4,96.3,0.568,0.534,11.0,25.1,-0.33,-1.77,40.0,113.5,112.2,46.0,113.2,113.6,31.0,111.1,112.0,-1.0,-7.0,39.0,114.1,115.6,True
CHI,2024-25,39.0,43.0,114.1,115.6,-1.5,102.8,0.585,0.553,12.7,22.3,-0.27,-1.83,39.0,114.9,116.3,40.0,113.5,112.2,46.0,113.2,113.6,0.0,-1.0,0.0,0.0,0.0,False
CLE,2020-21,22.0,50.0,105.8,114.4,-8.6,97.3,0.543,0.508,13.9,23.6,0.25,-8.19,0.0,0.0,0.0,0.0,0.0,0.0,0.0,0.0,0.0,0.0,0.0,44.0,111.9,109.7,True
CLE,2021-22,44.0,38.0,111.9,109.7,2.2,96.1,0.571,0.538,13.2,24.0,-0.08,2.04,22.0,105.8,114.4,0.0,0.0,0.0,0.0,0.0,0.0,22.0,0.0,51.0,116.1,110.6,True
CLE,2022-23,51.0,31.0,116.1,110.6,5.5,95.7,0.59,0.556,12.3,23.6,-0.15,5.23,44.0,111.9,109.7,22.0,105.8,114.4,0.0,0.0,0.0,7.0,29.0,48.0,115.2,112.7,True
CLE,2023-24,48.0,34.0,115.2,112.7,2.5,97.2,0.586,0.557,12.4,23.2,-0.44,1.98,51.0,116.1,110.6,44.0,111.9,109.7,22.0,105.8,114.4,-3.0,4.0,64.0,121.7,112.2,True
CLE,2024-25,64.0,18.0,121.7,112.2,9.5,99.8,0.607,0.578,11.6,25.9,-0.73,8.81,48.0,115.2,112.7,51.0,116.1,110.6,44.0,111.9,109.7,16.0,13.0,0.0,0.0,0.0,False
DAL,2020-21,42.0,30.0,115.4,113.0,2.4,97.3,0.582,0.55,11.1,21.1,-0.01,2.26,0.0,0.0,0.0,0.0,0.0,0.0,0.0,0.0,0.0,0.0,0.0,52.0,112.8,109.4,True
DAL,2021-22,52.0,30.0,112.8,109.4,3.4,95.4,0.572,0.538,11.7,21.3,-0.18,3.12,42.0,115.4,113.0,0.0,0.0,0.0,0.0,0.0,0.0,10.0,0.0,38.0,116.8,116.7,True
DAL,2022-23,38.0,44.0,116.8,116.7,0.1,96.6,0.599,0.565,11.4,18.0,-0.22,-0.14,52.0,112.8,109.4,42.0,115.4,113.0,0.0,0.0,0.0,-14.0,-4.0,50.0,117.6,115.4,True
DAL,2023-24,50.0,32.0,117.6,115.4,2.2,100.1,0.592,0.562,11.2,22.2,0.09,2.3,38.0,116.8,116.7,52.0,112.8,109.4,42.0,115.4,113.0,12.0,-2.0,39.0,114.8,116.0,True
DAL,2024-25,39.0,43.0,114.8,116.0,-1.2,99.2,0.583,0.549,12.5,23.3,0.46,-0.74,50.0,117.6,115.4,38.0,116.8,116.7,52.0,112.8,109.4,-11.0,1.0,0.0,0.0,0.0,False
DEN,2020-21,47.0,25.0,117.1,112.1,5.0,97.1,0.588,0.557,12.1,24.7,-0.11,4.82,0.0,0.0,0.0,0.0,0.0,0.0,0.0,0.0,0.0,0.0,0.0,48.0,114.5,112.1,True
DEN,2021-22,48.0,34.0,114.5,112.1,2.4,97.8,0.59,0.556,13.2,21.9,-0.15,2.16,47.0,117.1,112.1,0.0,0.0,0.0,0.0,0.0,0.0,1.0,0.0,53.0,117.6,114.2,True
DEN,2022-23,53.0,29.0,117.6,114.2,3.4,98.1,0.601,0.573,13.1,24.8,-0.29,3.04,48.0,114.5,112.1,47.0,117.1,112.1,0.0,0.0,0.0,5.0,6.0,57.0,118.5,113.0,True
DEN,2023-24,57.0,25.0,118.5,113.0,5.5,96.8,0.589,0.562,11.5,25.5,-0.03,5.23,53.0,117.6,114.2,48.0,114.5,112.1,47.0,117.1,112.1,4.0,9.0,50.0,119.9,116.0,True
DEN,2024-25,50.0,32.0,119.9,116.0,3.9,99.8,0.604,0.573,12.5,26.7,0.08,3.97,57.0,118.5,113.0,53.0,117.6,114.2,48.0,114.5,112.1,-7.0,-3.0,0.0,0.0,0.0,False
DET,2020-21,20.0,52.0,108.0,112.5,-4.5,97.9,0.556,0.519,13.5,21.9,0.09,-4.38,0.0,0.0,0.0,0.0,0.0,0.0,0.0,0.0,0.0,0.0,0.0,23.0,106.0,113.8,True
DET,2021-22,23.0,59.0,106.0,113.8,-7.8,98.4,0.533,0.494,12.6,23.4,0.37,-7.36,20.0,108.0,112.5,0.0,0.0,0.0,0.0,0.0,0.0,3.0,0.0,17.0,110.7,118.9,True
DET,2022-23,17.0,65.0,110.7,118.9,-8.2,99.0,0.561,0.52,13.3,24.9,0.49,-7.73,23.0,106.0,113.8,20.0,108.0,112.5,0.0,0.0,0.0,-6.0,-3.0,14.0,109.7,118.8,True
DET,2023-24,14.0,68.0,109.7,118.8,-9.1,99.8,0.562,0.526,13.5,23.9,0.05,-9.06,17.0,110.7,118.9,23.0,106.0,113.8,20.0,108.0,112.5,-3.0,-9.0,44.0,115.0,113.1,True
DET,2024-25,44.0,38.0,115.0,113.1,1.9,99.8,0.58,0.547,13.0,26.2,-0.17,1.73,14.0,109.7,118.8,17.0,110.7,118.9,23.0,106.0,113.8,30.0,27.0,0.0,0.0,0.0,False
GSW,2020-21,39.0,33.0,111.1,110.1,1.0,102.2,0.583,0.551,13.3,17.9,0.04,1.1,0.0,0.0,0.0,0.0,0.0,0.0,0.0,0.0,0.0,0.0,0.0,53.0,112.5,106.9,True
GSW,2021-22,53.0,29.0,112.5,106.9,5.6,98.4,0.582,0.552,13.5,22.8,-0.02,5.52,39.0,111.1,110.1,0.0,0.0,0.0,0.0,0.0,0.0,14.0,0.0,44.0,116.1,114.4,True
GSW,2022-23,44.0,38.0,116.1,114.4,1.7,101.6,0.6,0.571,14.1,24.4,-0.15,1.66,53.0,112.5,106.9,39.0,111.1,110.1,0.0,0.0,0.0,-9.0,5.0,46.0,117.8,115.2,True
GSW,2023-24,46.0,36.0,117.8,115.2,2.6,99.2,0.586,0.557,12.5,27.5,0.16,2.77,44.0,116.1,114.4,53.0,112.5,106.9,39.0,111.1,110.1,2.0,-7.0,48.0,115.0,111.7,True
GSW,2024-25,48.0,34.0,115.0,111.7,3.3,98.7,0.568,0.536,12.3,27.3,0.25,3.56,46.0,117.8,115.2,44.0,116.1,114.4,53.0,112.5,106.9,2.0,4.0,0.0,0.0,0.0,False
HOU,2020-21,17.0,55.0,107.1,114.9,-7.8,101.4,0.553,0.521,13.0,19.8,0.4,-7.5,0.0,0.0,0.0,0.0,0.0,0.0,0.0,0.0,0.0,0.0,0.0,20.0,108.4,116.7,True
HOU,2021-22,20.0,62.0,108.4,116.7,-8.3,100.9,0.565,0.534,14.5,21.7,0.22,-8.26,17.0,107.1,114.9,0.0,0.0,0.0,0.0,0.0,0.0,3.0,0.0,22.0,111.4,119.3,True
HOU,2022-23,22.0,60.0,111.4,119.3,-7.9,99.0,0.554,0.516,14.0,30.2,0.24,-7.62,20.0,108.4,116.7,17.0,107.1,114.9,0.0,0.0,0.0,2.0,5.0,41.0,114.5,113.4,True
HOU,2023-24,41.0,41.0,114.5,113.4,1.1,99.0,0.565,0.529,11.2,25.1,0.12,1.24,22.0,111.4,119.3,20.0,108.4,116.7,17.0,107.1,114.9,19.0,21.0,52.0,115.3,110.8,True
HOU,2024-25,52.0,30.0,115.3,110.8,4.5,98.6,0.553,0.523,11.8,31.7,0.45,4.97,41.0,114.5,113.4,22.0,111.4,119.3,20.0,108.4,116.7,11.0,30.0,0.0,0.0,0.0,False
IND,2020-21,34.0,38.0,112.4,112.4,0.0,101.6,0.575,0.542,11.9,20.2,-0.08,-0.13,0.0,0.0,0.0,0.0,0.0,0.0,0.0,0.0,0.0,0.0,0.0,25.0,112.6,116.1,True
IND,2021-22,25.0,57.0,112.6,116.1,-3.5,98.0,0.564,0.531,12.7,25.5,0.22,-3.26,34.0,112.4,112.4,0.0,0.0,0.0,0.0,0.0,0.0,-9.0,0.0,35.0,114.6,117.7,True
IND,2022-23,35.0,47.0,114.6,117.7,-3.1,101.1,0.581,0.545,13.0,23.4,0.28,-2.91,25.0,112.6,116.1,34.0,112.4,112.4,0.0,0.0,0.0,10.0,1.0,47.0,121.0,118.0,True
IND,2023-24,47.0,35.0,121.0,118.0,3.0,101.7,0.606,0.578,11.3,23.8,-0.3,2.75,35.0,114.6,117.7,25.0,112.6,116.1,34.0,112.4,112.4,12.0,22.0,50.0,116.5,114.3,True
IND,2024-25,50.0,32.0,116.5,114.3,2.2,99.9,0.594,0.562,11.8,21.3,-0.55,1.68,47.0,121.0,118.0,35.0,114.6,117.7,25.0,112.6,116.1,3.0,15.0,0.0,0.0,0.0,False
LAC,2020-21,47.0,25.0,117.6,111.2,6.4,96.9,0.599,0.564,12.2,22.7,-0.16,6.02,0.0,0.0,0.0,0.0,0.0,0.0,0.0,0.0,0.0,0.0,0.0,42.0,110.1,110.1,True
LAC,2021-22,42.0,40.0,110.1,110.1,0.0,98.0,0.564,0.531,12.5,20.6,0.06,0.09,47.0,117.6,111.2,0.0,0.0,0.0,0.0,0.0,0.0,-5.0,0.0,44.0,115.0,114.5,True
LAC,2022-23,44.0,38.0,115.0,114.5,0.5,98.0,0.588,0.551,12.8,22.9,-0.19,0.31,42.0,110.1,110.1,47.0,117.6,111.2,0.0,0.0,0.0,2.0,-3.0,51.0,118.8,115.4,True
LAC,2023-24,51.0,31.0,118.8,115.4,3.4,97.2,0.599,0.561,12.0,24.4,0.13,3.41,44.0,115.0,114.5,42.0,110.1,110.1,47.0,117.6,111.2,7.0,9.0,50.0,115.1,110.3,True
LAC,2024-25,50.0,32.0,115.1,110.3,4.8,97.5,0.589,0.554,13.4,24.4,0.18,4.84,51.0,118.8,115.4,44.0,115.0,114.5,42.0,110.1,110.1,-1.0,6.0,0.0,0.0,0.0,False
LAL,2020-21,42.0,30.0,109.9,107.1,2.8,98.7,0.569,0.536,13.6,22.5,-0.03,2.77,0.0,0.0,0.0,0.0,0.0,0.0,0.0,0.0,0.0,0.0,0.0,33.0,110.3,113.3,True
LAL,2021-22,33.0,49.0,110.3,113.3,-3.0,100.1,0.567,0.537,12.8,21.1,-0.03,-3.08,42.0,109.9,107.1,0.0,0.0,0.0,0.0,0.0,0.0,-9.0,0.0,43.0,114.5,113.9,True
LAL,2022-23,43.0,39.0,114.5,113.9,0.6,101.3,0.582,0.542,12.3,22.8,-0.15,0.43,33.0,110.3,113.3,42.0,109.9,107.1,0.0,0.0,0.0,10.0,1.0,47.0,115.9,115.3,True
LAL,2023-24,47.0,35.0,115.9,115.3,0.6,100.9,0.601,0.566,12.5,19.9,0.48,1.07,43.0,114.5,113.9,33.0,110.3,113.3,42.0,109.9,107.1,4.0,14.0,50.0,115.9,114.7,True
LAL,2024-25,50.0,32.0,115.9,114.7,1.2,97.6,0.593,0.557,12.7,23.3,0.23,1.45,47.0,115.9,115.3,43.0,114.5,113.9,33.0,110.3,113.3,3.0,7.0,0.0,0.0,0.0,False
MEM,2020-21,38.0,34.0,112.0,111.0,1.0,100.4,0.56,0.528,11.6,24.2,0.04,1.07,0.0,0.0,0.0,0.0,0.0,0.0,0.0,0.0,0.0,0.0,0.0,56.0,114.6,109.0,True
MEM,2021-22,56.0,26.0,114.6,109.0,5.6,100.3,0.553,0.522,11.2,30.0,-0.32,5.37,38.0,112.0,111.0,0.0,0.0,0.0,0.0,0.0,0.0,18.0,0.0,51.0,115.1,111.2,True
MEM,2022-23,51.0,31.0,115.1,111.2,3.9,101.1,0.57,0.54,11.7,26.5,-0.34,3.6,56.0,114.6,109.0,38.0,112.0,111.0,0.0,0.0,0.0,-5.0,13.0,27.0,107.2,114.3,True
MEM,2023-24,27.0,55.0,107.2,114.3,-7.1,98.2,0.543,0.509,13.4,23.8,0.43,-6.57,51.0,115.1,111.2,56.0,114.6,109.0,38.0,112.0,111.0,-24.0,-29.0,48.0,117.7,113.0,True
MEM,2024-25,48.0,34.0,117.7,113.0,4.7,103.3,0.588,0.554,13.1,28.7,-0.06,4.79,27.0,107.2,114.3,51.0,115.1,111.2,56.0,114.6,109.0,21.0,-3.0,0.0,0.0,0.0,False
MIA,2020-21,40.0,32.0,111.2,111.2,0.0,96.6,0.581,0.546,13.1,19.4,-0.09,-0.06,0.0,0.0,0.0,0.0,0.0,0.0,0.0,0.0,0.0,0.0,0.0,53.0,113.7,109.1,True
MIA,2021-22,53.0,29.0,113.7,109.1,4.6,95.9,0.584,0.547,13.4,23.5,-0.22,4.23,40.0,111.2,111.2,0.0,0.0,0.0,0.0,0.0,0.0,13.0,0.0,44.0,113.0,113.3,True
MIA,2022-23,44.0,38.0,113.0,113.3,-0.3,96.3,0.574,0.53,12.4,22.8,0.18,-0.13,53.0,113.7,109.1,40.0,111.2,111.2,0.0,0.0,0.0,-9.0,4.0,46.0,114.0,112.2,True
MIA,2023-24,46.0,36.0,114.0,112.2,1.8,96.2,0.578,0.538,11.7,21.8,-0.66,1.1,44.0,113.0,113.3,53.0,113.7,109.1,40.0,111.2,111.2,2.0,-7.0,37.0,113.5,112.9,True
MIA,2024-25,37.0,45.0,113.5,112.9,0.6,96.2,0.576,0.544,12.4,22.3,-0.45,0.11,46.0,114.0,112.2,44.0,113.0,113.3,53.0,113.7,109.1,-9.0,-7.0,0.0,0.0,0.0,False
MIL,2020-21,46.0,26.0,117.2,111.4,5.8,102.2,0.593,0.566,12.0,23.3,-0.32,5.57,0.0,0.0,0.0,0.0,0.0,0.0,0.0,0.0,0.0,0.0,0.0,51.0,115.1,111.8,True
MIL,2021-22,51.0,31.0,115.1,111.8,3.3,99.9,0.58,0.546,11.9,23.0,-0.14,3.22,46.0,117.2,111.4,0.0,0.0,0.0,0.0,0.0,0.0,5.0,0.0,58.0,115.4,111.9,True
MIL,2022-23,58.0,24.0,115.4,111.9,3.5,100.5,0.583,0.555,12.7,25.0,-0.02,3.61,51.0,115.1,111.8,46.0,117.2,111.4,0.0,0.0,0.0,7.0,12.0,49.0,118.4,115.8,True
MIL,2023-24,49.0,33.0,118.4,115.8,2.6,99.9,0.601,0.568,11.5,21.8,-0.18,2.44,58.0,115.4,111.9,51.0,115.1,111.8,46.0,117.2,111.4,-9.0,-2.0,48.0,115.9,113.4,True
MIL,2024-25,48.0,34.0,115.9,113.4,2.5,99.3,0.598,0.568,12.2,19.3,-0.36,2.12,49.0,118.4,115.8,58.0,115.4,111.9,51.0,115.1,111.8,-1.0,-10.0,0.0,0.0,0.0,False
MIN,2020-21,23.0,49.0,109.5,115.0,-5.5,101.6,0.555,0.52,12.4,22.7,0.31,-5.25,0.0,0.0,0.0,0.0,0.0,0.0,0.0,0.0,0.0,0.0,0.0,46.0,114.3,111.7,True
MIN,2021-22,46.0,36.0,114.3,111.7,2.6,100.9,0.573,0.539,12.4,24.4,-0.1,2.53,23.0,109.5,115.0,0.0,0.0,0.0,0.0,0.0,0.0,23.0,0.0,42.0,113.7,113.8,True
MIN,2022-23,42.0,40.0,113.7,113.8,-0.1,101.0,0.592,0.56,13.6,21.5,-0.18,-0.22,46.0,114.3,111.7,23.0,109.5,115.0,0.0,0.0,0.0,-4.0,19.0,56.0,115.6,109.0,True
MIN,2023-24,56.0,26.0,115.6,109.0,6.6,97.1,0.594,0.559,13.0,23.2,-0.07,6.39,42.0,113.7,113.8,46.0,114.3,111.7,23.0,109.5,115.0,14.0,10.0,49.0,116.6,111.5,True
MIN,2024-25,49.0,33.0,116.6,111.5,5.1,97.3,0.588,0.554,13.0,25.8,0.15,5.15,56.0,115.6,109.0,42.0,113.7,113.8,46.0,114.3,111.7,-7.0,7.0,0.0,0.0,0.0,False
NOP,2020-21,31.0,41.0,113.5,113.8,-0.3,100.1,0.57,0.537,12.7,26.3,0.1,-0.2,0.0,0.0,0.0,0.0,0.0,0.0,0.0,0.0,0.0,0.0,0.0,36.0,112.0,113.0,True
NOP,2021-22,36.0,46.0,112.0,113.0,-1.0,97.2,0.557,0.517,12.5,26.9,0.15,-0.84,31.0,113.5,113.8,0.0,0.0,0.0,0.0,0.0,0.0,5.0,0.0,42.0,114.4,112.5,True
NOP,2022-23,42.0,40.0,114.4,112.5,1.9,99.1,0.582,0.543,12.9,24.7,-0.26,1.63,36.0,112.0,113.0,31.0,113.5,113.8,0.0,0.0,0.0,6.0,11.0,49.0,117.4,112.9,True
NOP,2023-24,49.0,33.0,117.4,112.9,4.5,97.9,0.591,0.558,11.8,24.4,0.05,4.46,42.0,114.4,112.5,36.0,112.0,113.0,31.0,113.5,113.8,7.0,13.0,21.0,110.4,119.9,True
NOP,2024-25,21.0,61.0,110.4,119.9,-9.5,99.1,0.552,0.519,12.8,26.3,0.84,-8.59,49.0,117.4,112.9,42.0,114.4,112.5,36.0,112.0,113.0,-28.0,-21.0,0.0,0.0,0.0,False
NYK,2020-21,41.0,31.0,110.6,108.2,2.4,95.9,0.559,0.524,11.9,21.9,-0.18,2.13,0.0,0.0,0.0,0.0,0.0,0.0,0.0,0.0,0.0,0.0,0.0,37.0,110.4,110.5,True
NYK,2021-22,37.0,45.0,110.4,110.5,-0.1,95.9,0.55,0.513,12.0,25.1,0.11,-0.01,41.0,110.6,108.2,0.0,0.0,0.0,0.0,0.0,0.0,-4.0,0.0,47.0,117.8,114.8,True
NYK,2022-23,47.0,35.0,117.8,114.8,3.0,97.1,0.577,0.541,11.4,28.3,0.06,2.99,37.0,110.4,110.5,41.0,110.6,108.2,0.0,0.0,0.0,10.0,6.0,50.0,118.2,113.4,True
NYK,2023-24,50.0,32.0,118.2,113.4,4.8,95.2,0.574,0.54,11.9,29.4,-0.23,4.36,47.0,117.8,114.8,37.0,110.4,110.5,41.0,110.6,108.2,3.0,13.0,51.0,118.5,114.3,True
NYK,2024-25,51.0,31.0,118.5,114.3,4.2,96.7,0.589,0.556,11.9,26.0,-0.51,3.59,50.0,118.2,113.4,47.0,117.8,114.8,37.0,110.4,110.5,1.0,4.0,0.0,0.0,0.0,False
OKC,2020-21,22.0,50.0,103.5,114.0,-10.5,101.0,0.539,0.509,14.2,21.2,0.51,-10.13,0.0,0.0,0.0,0.0,0.0,0.0,0.0,0.0,0.0,0.0,0.0,24.0,104.6,112.8,True
OKC,2021-22,24.0,58.0,104.6,112.8,-8.2,98.6,0.53,0.497,12.5,21.8,0.2,-7.9,22.0,103.5,114.0,0.0,0.0,0.0,0.0,0.0,0.0,2.0,0.0,40.0,115.2,114.2,True
OKC,2022-23,40.0,42.0,115.2,114.2,1.0,101.1,0.57,0.531,11.2,24.7,-0.12,0.96,24.0,104.6,112.8,22.0,103.5,114.0,0.0,0.0,0.0,16.0,18.0,57.0,119.5,112.1,True
OKC,2023-24,57.0,25.0,119.5,112.1,7.4,99.8,0.608,0.573,11.4,21.1,-0.05,7.36,40.0,115.2,114.2,24.0,104.6,112.8,22.0,103.5,114.0,17.0,33.0,68.0,120.3,107.5,True
OKC,2024-25,68.0,14.0,120.3,107.5,12.8,100.0,0.593,0.56,10.3,24.2,-0.16,12.7,57.0,119.5,112.1,40.0,115.2,114.2,24.0,104.6,112.8,11.0,28.0,0.0,0.0,0.0,False
ORL,2020-21,21.0,51.0,105.1,114.5,-9.4,98.7,0.527,0.49,11.5,21.6,0.29,-9.02,0.0,0.0,0.0,0.0,0.0,0.0,0.0,0.0,0.0,0.0,0.0,22.0,104.5,112.5,True
ORL,2021-22,22.0,60.0,104.5,112.5,-8.0,99.2,0.538,0.503,13.0,19.8,0.33,-7.67,21.0,105.1,114.5,0.0,0.0,0.0,0.0,0.0,0.0,1.0,0.0,34.0,111.6,114.2,True
ORL,2022-23,34.0,48.0,111.6,114.2,-2.6,99.3,0.573,0.532,13.4,23.8,0.17,-2.39,22.0,104.5,112.5,21.0,105.1,114.5,0.0,0.0,0.0,12.0,13.0,47.0,113.4,111.3,True
ORL,2023-24,47.0,35.0,113.4,111.3,2.1,96.9,0.577,0.541,13.3,25.3,-0.55,1.48,34.0,111.6,114.2,22.0,104.5,112.5,21.0,105.1,114.5,13.0,25.0,41.0,109.4,109.6,True
ORL,2024-25,41.0,41.0,109.4,109.6,-0.2,96.1,0.55,0.51,12.9,25.3,-0.58,-0.7,47.0,113.4,111.3,34.0,111.6,114.2,22.0,104.5,112.5,-6.0,7.0,0.0,0.0,0.0,False
PHI,2020-21,49.0,23.0,113.2,107.6,5.6,99.5,0.579,0.541,12.8,23.2,-0.31,5.28,0.0,0.0,0.0,0.0,0.0,0.0,0.0,0.0,0.0,0.0,0.0,51.0,113.5,110.8,True
PHI,2021-22,51.0,31.0,113.5,110.8,2.7,96.2,0.578,0.534,11.6,20.1,-0.04,2.57,49.0,113.2,107.6,0.0,0.0,0.0,0.0,0.0,0.0,2.0,0.0,54.0,117.7,113.3,True
PHI,2022-23,54.0,28.0,117.7,113.3,4.4,96.9,0.608,0.563,12.6,21.6,0.06,4.37,51.0,113.5,110.8,49.0,113.2,107.6,0.0,0.0,0.0,3.0,5.0,47.0,116.9,113.8,True
PHI,2023-24,47.0,35.0,116.9,113.8,3.1,97.5,0.574,0.532,10.7,24.8,-0.54,2.51,54.0,117.7,113.3,51.0,113.5,110.8,49.0,113.2,107.6,-7.0,-4.0,24.0,111.9,118.2,True
PHI,2024-25,24.0,58.0,111.9,118.2,-6.3,97.4,0.563,0.527,12.3,23.4,-0.06,-6.29,47.0,116.9,113.8,54.0,117.7,113.3,51.0,113.5,110.8,-23.0,-30.0,0.0,0.0,0.0,False
PHX,2020-21,51.0,21.0,117.2,111.3,5.9,97.2,0.597,0.564,11.5,20.8,-0.15,5.67,0.0,0.0,0.0,0.0,0.0,0.0,0.0,0.0,0.0,0.0,0.0,64.0,114.8,107.3,True
PHX,2021-22,64.0,18.0,114.8,107.3,7.5,99.8,0.581,0.549,11.6,22.3,-0.56,6.94,51.0,117.2,111.3,0.0,0.0,0.0,0.0,0.0,0.0,13.0,0.0,45.0,115.1,113.0,True
PHX,2022-23,45.0,37.0,115.1,113.0,2.1,98.2,0.57,0.535,12.0,26.6,0.01,2.08,64.0,114.8,107.3,51.0,117.2,111.3,0.0,0.0,0.0,-19.0,-6.0,49.0,117.6,114.6,True
PHX,2023-24,49.0,33.0,117.6,114.6,3.0,98.3,0.603,0.565,13.4,25.0,0.02,3.08,45.0,115.1,113.0,64.0,114.8,107.3,51.0,117.2,111.3,4.0,-15.0,36.0,116.2,119.3,True
PHX,2024-25,36.0,46.0,116.2,119.3,-3.1,97.1,0.595,0.561,12.8,22.6,0.45,-2.55,49.0,117.6,114.6,45.0,115.1,113.0,64.0,114.8,107.3,-13.0,-9.0,0.0,0.0,0.0,False
POR,2020-21,42.0,30.0,117.8,116.0,1.8,98.4,0.577,0.54,9.9,23.0,0.01,1.81,0.0,0.0,0.0,0.0,0.0,0.0,0.0,0.0,0.0,0.0,0.0,27.0,107.8,116.9,True
POR,2021-22,27.0,55.0,107.8,116.9,-9.1,98.3,0.55,0.515,13.0,22.9,0.33,-8.55,42.0,117.8,116.0,0.0,0.0,0.0,0.0,0.0,0.0,-15.0,0.0,33.0,114.8,118.8,True
POR,2022-23,33.0,49.0,114.8,118.8,-4.0,98.6,0.589,0.549,13.1,22.4,0.05,-3.96,27.0,107.8,116.9,42.0,117.8,116.0,0.0,0.0,0.0,6.0,-9.0,21.0,108.3,117.5,True
POR,2023-24,21.0,61.0,108.3,117.5,-9.2,97.2,0.539,0.503,13.4,27.5,0.74,-8.29,33.0,114.8,118.8,27.0,107.8,116.9,42.0,117.8,116.0,-12.0,-6.0,36.0,111.7,114.7,True
POR,2024-25,36.0,46.0,111.7,114.7,-3.0,98.8,0.555,0.521,13.8,29.2,0.31,-2.67,21.0,108.3,117.5,33.0,114.8,118.8,27.0,107.8,116.9,15.0,3.0,0.0,0.0,0.0,False
SAC,2020-21,31.0,41.0,113.6,117.2,-3.6,100.0,0.578,0.549,12.0,21.3,0.23,-3.45,0.0,0.0,0.0,0.0,0.0,0.0,0.0,0.0,0.0,0.0,0.0,30.0,109.9,115.3,True
SAC,2021-22,30.0,52.0,109.9,115.3,-5.4,99.8,0.561,0.525,12.5,21.3,0.2,-5.26,31.0,113.6,117.2,0.0,0.0,0.0,0.0,0.0,0.0,-1.0,0.0,48.0,119.4,116.8,True
SAC,2022-23,48.0,34.0,119.4,116.8,2.6,100.3,0.608,0.572,12.0,22.7,-0.35,2.3,30.0,109.9,115.3,31.0,113.6,117.2,0.0,0.0,0.0,18.0,17.0,46.0,116.9,115.2,True
SAC,2023-24,46.0,36.0,116.9,115.2,1.7,98.8,0.582,0.556,11.6,24.5,0.55,2.29,48.0,119.4,116.8,30.0,109.9,115.3,31.0,113.6,117.2,-2.0,16.0,40.0,116.7,116.2,True
SAC,2024-25,40.0,42.0,116.7,116.2,0.5,98.2,0.582,0.548,11.8,25.4,0.11,0.58,46.0,116.9,115.2,48.0,119.4,116.8,30.0,109.9,115.3,-6.0,-8.0,0.0,0.0,0.0,False
SAS,2020-21,33.0,39.0,111.0,112.8,-1.8,98.9,0.554,0.517,10.2,20.0,0.15,-1.58,0.0,0.0,0.0,0.0,0.0,0.0,0.0,0.0,0.0,0.0,0.0,34.0,112.4,112.3,True
SAS,2021-22,34.0,48.0,112.4,112.3,0.1,100.0,0.556,0.527,11.1,23.7,-0.1,0.02,33.0,111.0,112.8,0.0,0.0,0.0,0.0,0.0,0.0,1.0,0.0,22.0,110.2,120.0,True
SAS,2022-23,22.0,60.0,110.2,120.0,-9.8,101.6,0.554,0.525,13.0,25.6,0.22,-9.82,34.0,112.4,112.3,33.0,111.0,112.8,0.0,0.0,0.0,-12.0,-11.0,22.0,110.0,116.4,True
SAS,2023-24,22.0,60.0,110.0,116.4,-6.4,101.1,0.563,0.532,13.2,22.9,0.69,-5.8,22.0,110.2,120.0,34.0,112.4,112.3,33.0,111.0,112.8,0.0,-12.0,34.0,114.4,117.2,True
SAS,2024-25,34.0,48.0,114.4,117.2,-2.8,99.3,0.575,0.544,12.3,24.3,0.31,-2.45,22.0,110.0,116.4,22.0,110.2,120.0,34.0,112.4,112.3,12.0,12.0,0.0,0.0,0.0,False
TOR,2020-21,27.0,45.0,112.0,112.5,-0.5,99.2,0.567,0.529,11.9,20.8,-0.07,-0.54,0.0,0.0,0.0,0.0,0.0,0.0,0.0,0.0,0.0,0.0,0.0,48.0,112.9,110.5,True
TOR,2021-22,48.0,34.0,112.9,110.5,2.4,96.0,0.543,0.51,11.0,28.4,0.08,2.38,27.0,112.0,112.5,0.0,0.0,0.0,0.0,0.0,0.0,21.0,0.0,41.0,115.5,114.0,True
TOR,2022-23,41.0,41.0,115.5,114.0,1.5,97.1,0.555,0.517,10.3,27.8,0.12,1.59,48.0,112.9,110.5,27.0,112.0,112.5,0.0,0.0,0.0,-7.0,14.0,25.0,112.3,118.8,True
TOR,2023-24,25.0,57.0,112.3,118.8,-6.5,99.4,0.566,0.535,12.4,24.2,-0.01,-6.45,41.0,115.5,114.0,48.0,112.9,110.5,27.0,112.0,112.5,-16.0,-23.0,30.0,110.5,114.8,True
TOR,2024-25,30.0,52.0,110.5,114.8,-4.3,99.7,0.553,0.522,13.3,27.3,-0.11,-4.4,25.0,112.3,118.8,41.0,115.5,114.0,48.0,112.9,110.5,5.0,-11.0,0.0,0.0,0.0,False
UTA,2020-21,52.0,20.0,117.6,108.3,9.3,98.5,0.597,0.563,12.7,24.5,-0.29,8.97,0.0,0.0,0.0,0.0,0.0,0.0,0.0,0.0,0.0,0.0,0.0,49.0,116.7,110.5,True
UTA,2021-22,49.0,33.0,116.7,110.5,6.2,97.1,0.589,0.555,12.7,25.4,-0.37,5.67,52.0,117.6,108.3,0.0,0.0,0.0,0.0,0.0,0.0,-3.0,0.0,37.0,115.8,116.7,True
UTA,2022-23,37.0,45.0,115.8,116.7,-0.9,100.5,0.584,0.547,13.3,26.8,-0.09,-1.03,49.0,116.7,110.5,52.0,117.6,108.3,0.0,0.0,0.0,-12.0,-15.0,31.0,115.5,120.4,True
UTA,2023-24,31.0,51.0,115.5,120.4,-4.9,99.5,0.579,0.539,13.6,28.1,0.68,-4.22,37.0,115.8,116.7,49.0,116.7,110.5,52.0,117.6,108.3,-6.0,-18.0,17.0,111.2,120.4,True
UTA,2024-25,17.0,65.0,111.2,120.4,-9.2,100.0,0.568,0.533,14.9,26.9,0.83,-8.51,31.0,115.5,120.4,37.0,115.8,116.7,49.0,116.7,110.5,-14.0,-20.0,0.0,0.0,0.0,False
WAS,2020-21,34.0,38.0,111.2,113.0,-1.8,104.1,0.569,0.531,12.3,21.3,-0.01,-1.85,0.0,0.0,0.0,0.0,0.0,0.0,0.0,0.0,0.0,0.0,0.0,35.0,111.1,114.5,True
WAS,2021-22,35.0,47.0,111.1,114.5,-3.4,97.0,0.568,0.532,12.1,20.9,0.15,-3.23,34.0,111.2,113.0,0.0,0.0,0.0,0.0,0.0,0.0,1.0,0.0,35.0,114.4,115.6,True
WAS,2022-23,35.0,47.0,114.4,115.6,-1.2,98.6,0.585,0.55,12.7,22.6,0.15,-1.06,35.0,111.1,114.5,34.0,111.2,113.0,0.0,0.0,0.0,0.0,1.0,15.0,110.5,119.6,True
WAS,2023-24,15.0,67.0,110.5,119.6,-9.1,102.7,0.567,0.538,12.2,20.0,0.0,-9.29,35.0,114.4,115.6,35.0,111.1,114.5,34.0,111.2,113.0,-20.0,-20.0,18.0,106.8,119.1,True
WAS,2024-25,18.0,64.0,106.8,119.1,-12.3,100.9,0.546,0.512,13.6,22.7,0.3,-12.14,15.0,110.5,119.6,35.0,114.4,115.6,35.0,111.1,114.5,3.0,-17.0,0.0,0.0,0.0,False
